case_fatality_rate_2012_to_2014_new,case_fatality_rate_2014_new,case_fatality_rate_2015_new,case_fatality_rate_2015_adjusted,estimated_fatalities_2015,estimated_fatalities_2015_using_2012_to_2014_data,stand_w,stand_i,w_over_i,w_minus_i,i_minus_w,i_cases_over_deaths,w_cases_over_deaths,reported_mdr
0.05703474397803294,0.05436944855662472,0.05436944855662472,0.055038640891477114,4985.620246513563,4984.1718460816,47.65605420613169,4.206834859016241,11.328244583690635,216621.3076721876,-216621.3076721876,4.15811606008457,0.3670574049990978,1.422985632546353
0.0752212389380531,0.07894736842105263,0.07894736842105263,0.08496732026143791,11.725490196078432,10.615384615384619,1.9758605632355277,0.25456843894840386,7.761608514384601,20.18299392791569,-20.18299392791569,46.23208916960899,5.956508767986299,0.7246376811594203
0.026757369614512472,0.025157232704402517,0.025157232704402517,0.02514557967178401,88.81418740074113,95.45945945945947,13.391162313730243,1.7402995809988147,7.694745467929503,1034.76190612512,-1034.76190612512,21.589860908330955,2.8057927319771814,0.11986814504045551
0.04104094767279172,0.03532008830022075,0.03532008830022075,0.03954214360041623,1134.701352757544,1311.3210731629645,3.3041324783124466,0.4523691378093383,7.304062550140306,3235.8997202132496,-3235.8997202132496,51.32827045629241,7.027359103777997,0.964056628838198
0.010518590998043052,0.005203816131830009,0.005203816131830009,0.00505902192242833,5.129848229342327,10.915984086122162,136.29383537964026,19.00772480377667,7.17044447910777,601.6599466640422,-601.6599466640422,9.907007105703917,1.3816447689637033,NA
0.027280028708624546,0.03108350720558979,0.03108350720558979,0.033919666334209814,4094.8499591984773,3622.415949091071,3.786009441160812,0.5579357071414646,6.785745010940605,13218.4775980388,-13218.4775980388,49.39021624785308,7.278525227255313,0.18521800779865297
0.030303030303030304,0.030303030303030304,0.030303030303030304,0.030303030303030304,NA,NA,NA,NA,4.882989626439268,6.01176816287589,-6.01176816287589,51.6718478988283,10.582010582010597,0
0.03333333333333333,0,0.03333333333333333,0.03333333333333333,0.23333333333333334,0.23333333333333334,29.245039797826458,6.286958641999286,4.651699090631585,5.35688560302634,-5.35688560302634,4.771782623093547,1.0258149828959937,NA
0.03592418939443968,0.03189460911769804,0.03189460911769804,0.03241183339227296,648.4311388458128,732.4209378407851,12.293669530865333,3.192359081206803,3.850967017851255,5901.573099861378,-5901.573099861378,9.082015765739234,2.358372773290272,0.8085106382978723
0.06965918536990856,0.07360647927584564,0.07360647927584564,0.07415304430229804,343.9218194740583,326.0357578220235,10.440855229689868,2.796589426118741,3.733424410525736,2629.0298037075063,-2629.0298037075063,4.714037954170912,1.2626579343298094,0.7278341420379356
0.01730103806228374,0.01557935735150925,0.01557935735150925,0.015384615384615385,155.6769230769231,187.92263871482282,30.323910429082424,8.124964107757785,3.7321900782464863,3455.8636588536006,-3455.8636588536006,7.85614696863985,2.10496968373351,0.4125993760692362
0.013803394889013245,0.014866818087962008,0.014866818087962008,0.018038331454340473,113.5152198421646,97.79662162162163,10.355261811590319,2.9817785548130042,3.4728473698610145,837.0025728955966,-837.0025728955966,16.919896480366646,4.872053009644299,0.26191723415400736
0.044322529416010975,0.03915630644989906,0.03915630644989906,0.0422704732559819,1265.535698810842,1390.6048535791758,10.660943706676358,3.139446390654802,3.3958037118935414,9518.723361935212,-9518.723361935212,7.415906302048467,2.183844218108021,0.13915286451262557
0.05621919905583643,0.0576064183976743,0.0576064183976743,0.0583046982628937,3625.3861379867303,3553.7500841545957,15.14516825991071,4.588412046120199,3.3007428512696313,38272.31763958139,-38272.31763958139,3.6607068651407806,1.1090554551175318,0.29230642909926924
0.03728813559322034,0.03614457831325301,0.03614457831325301,0.034482758620689655,3.7241379310344827,4.207792207792208,3.8398148148148152,1.1907607320136178,3.2246736994102543,9.865442791121701,-9.865442791121701,23.452172359347305,7.2727272727272725,0.9615384615384616
0.03951056399996295,0.03794057789799154,0.03794057789799154,0.038268289954128905,8014.83411141285,8384.625104217577,9.114885930382183,2.893518921341878,3.1501041389959625,49863.22452367477,-49863.22452367477,8.922182674109232,2.8323453068294473,0.4610588889157384
0.10049934769895182,0.10257809302960033,0.10257809302960033,0.10218643623985336,1532.6943571615607,1512.9499663694155,9.948822338700605,3.566280210062083,2.7896917103234053,9782.486304910199,-9782.486304910199,2.6454360706119076,0.9482897557541317,0.49792531120331945
0.013306646725025292,0.012757512757512758,0.012757512757512758,0.012778185375397409,472.8056370750795,491.7076411960133,25.655973749874065,9.605373297087263,2.6710022563781037,7588.814372517423,-7588.814372517423,7.900077141357954,2.9577201301471416,0.22576509281453816
0.07692307692307693,0.15384615384615385,0.07692307692307693,0.057851239669421496,1.6198347107438018,1.6198347107438018,1.6350025712218168,0.6515645420402587,2.509348599759736,1.5930070555337636,-1.5930070555337636,26.529550290731194,10.5722856893105,0
0.019663161494400273,0.01866060872991956,0.01866060872991956,0.01896322161907089,675.8112920604484,706.7873155317318,13.394833938529647,5.42338684332588,2.4698282319679215,5387.193961001165,-5387.193961001165,9.595420076628024,3.8850556295498087,0.21894281895987944
0.04597701149425287,0.03968253968253968,0.03968253968253968,0.03968253968253968,6.071428571428571,6.93484419263456,3.220315414041172,1.315245784161153,2.4484514246856515,11.5664941814144,-11.5664941814144,19.159916955044444,7.8253204298322245,0.6535947712418301
0.011111111111111112,NA,NA,NA,NA,0.35555555555555557,NA,NA,2.3449559750590994,1.147952757477701,-1.147952757477701,37.49160487793611,15.98819136764016,3.125
0.03248730964467005,0.021739130434782608,0.03248730964467005,0.0379746835443038,10.329113924050633,10.329113924050633,6.200279854527381,2.6885105000112954,2.306213739727381,36.2734657377864,-36.2734657377864,9.68673626409617,4.200276885541947,0
0.05071444587129783,0.04734140313074339,0.04734140313074339,0.0477535140562249,NA,NA,NA,NA,2.2267829583144514,1449.689565151083,-1449.689565151083,13.904542926032589,6.244229090273594,0.620777798064634
0.07456533974232214,0.07393743755283991,0.07393743755283991,0.07430877748858965,1974.3842178718269,2104.414363845711,6.652618445873399,3.002950934313231,2.215360354329212,7205.845935303938,-7205.845935303938,4.404974330425675,1.988378243664767,0.46712869012520586
0.049479166666666664,0.047619047619047616,0.047619047619047616,0.047244094488188976,6.094488188976378,6.333333333333333,5.2680217825813305,2.3924980532004305,2.2018917739700266,17.524845405833204,-17.524845405833204,8.778516643402545,3.9868065938476245,1.5625
0.10120335901653536,0.11390575310783463,0.10120335901653536,0.10264717502963254,432.2472540497826,432.2472540497826,1.1437322239881367,0.5225820864457464,2.1886173553461004,268.490441305343,-268.490441305343,15.972752688098725,7.298101995345298,28.88026607538803
0.01953750655063735,0.02646026292201972,0.02646026292201972,0.01678640761458241,1024.978048946402,1024.978048946402,17.9342727176927,8.2656530786981,2.1697345082038546,9910.12289358155,-9910.12289358155,7.0472384209830015,3.2479726871361936,0.3802026630935432
0.029522256875531613,0.032072840620129606,0.032072840620129606,0.0329360605572556,398.6251409244645,367.23812150886147,10.227388269093698,4.785097615430244,2.137341615793583,2169.433878768491,-2169.433878768491,6.218216206979067,2.909322572035485,NA
0.0632132041794517,0.06121752867888624,0.06121752867888624,0.05882958640810022,3621.4905096962416,3617.118556820125,15.022314220383931,7.0396481496106285,2.1339581043144653,28909.149417379704,-28909.149417379704,2.28853677716125,1.0724375387381109,1.1072261072261071
0.05325314379442318,0.05425784339572898,0.05425784339572898,0.05728532634141774,2382.382151886881,2342.884760932244,7.3159302340551164,3.5599964386489007,2.0550386384183232,8948.06963784452,-8948.06963784452,4.332015304193049,2.1079970095001324,0.5334639775727389
0.08958462492250466,0.08415398388540735,0.08415398388540735,0.08411633109619687,180.0930648769575,192.5312113720643,13.925990567360952,6.801907338681607,2.0473655217508715,1282.997983091394,-1282.997983091394,1.7412581214755258,0.8504871763135056,0.7969995311767463
0.020859473023839396,0.021637296453267903,0.021637296453267903,0.02326556277509956,114.81555229511633,111.56393108962709,5.6175801746052105,2.8130256717116175,1.9969885917134662,322.00647419148333,-322.00647419148333,14.505582733718615,7.2637283927959055,5.1867662753468515
0.13170731707317074,0.136986301369863,0.136986301369863,0.14556962025316456,21.835443037974684,20.344827586206897,1.1504368628137713,0.6091619657133663,1.8885566196939731,11.818977183521499,-11.818977183521499,10.825992067598563,5.732415938555676,5.555555555555555
0.09327545678727485,0.0924026353098157,0.0924026353098157,0.0928551119054389,2248.95081034973,2271.56014826463,1.1714059230205773,0.6397053543904218,1.8311647932614472,1195.768424684201,-1195.768424684201,16.37975878011557,8.944994377563335,0.9463186929768724
0.0765696784073507,0.0707070707070707,0.0707070707070707,0.0707070707070707,14.98989898989899,16.232771822358348,1.5093977944545285,0.8469724001143222,1.7821097762463027,9.9296897495037,-9.9296897495037,16.698132242500673,9.369867370164098,0
0.04488718194911186,0.041216486594637856,0.041216486594637856,0.041906653426017876,245.11201588877856,265.32410170705504,16.387156607243018,9.453484910774142,1.733451395111084,1699.5262470324533,-1699.5262470324533,2.5091030036292308,1.4474608349018294,0
0.07622739018087855,0.08253968253968254,0.08253968253968254,0.08359133126934984,31.01238390092879,28.64508094645081,2.102500497752078,1.2151622154237027,1.7302220815177158,27.51847546155831,-27.51847546155831,9.632460052564282,5.567181320512845,0
0.019220948047727376,0.016999260901699925,0.016999260901699925,0.01788805539526832,427.14887478361226,468.1516436420007,7.659871683049832,4.455434501649809,1.719219905536362,1368.77173634979,-1368.77173634979,12.455771410217485,7.245013491355276,0.26576671588272516
0.15384615384615385,NA,NA,NA,NA,NA,NA,NA,1.6773930256091814,0.5859433655692912,-0.5859433655692912,NA,NA,NA
0.05232558139534883,0.03571428571428571,0.05232558139534883,0.05232558139534883,3.976744186046511,3.976744186046511,1.808174295884322,1.0835768492139317,1.6687088665617404,2.8815386832706213,-2.8815386832706213,17.637061113824135,10.569285911546741,2.631578947368421
0.1364353312302839,0.14590747330960854,0.14590747330960854,0.142692750287687,129.7077100115075,122.62891379976807,0.7302431314125879,0.4456272777221103,1.6386858882277888,36.916870615162104,-36.916870615162104,15.570585746477846,9.50187333541828,0.33333333333333337
0.04160525399875913,0.04156007400260248,0.04156007400260248,0.04184346179471894,5042.471893957991,5106.40116738543,13.312000527007344,8.153733821930714,1.6326263301854032,26010.414881888195,-26010.414881888195,2.8995032583239455,1.7759748233355235,0.4185785107328898
0.06035449854161992,0.06815144766146994,0.06815144766146994,0.06821163095758635,653.1263664188893,582.2611406565193,1.805344758745925,1.1258199396287059,1.6035821495054758,443.81557600148244,-443.81557600148244,12.654652528755982,7.891490019802549,0.16120365394948952
0.029465623439320795,0.028925619834710745,0.028925619834710745,0.029182079736950268,68.63625154130703,69.43808710503843,14.25656724360966,9.29740995925909,1.5333912676843784,340.3779668015909,-340.3779668015909,3.649672962413122,2.3801315680665156,1.03048518677544
0.04774946166872243,0.04599461048505635,0.04599461048505635,0.047644882860665844,907.8732429099877,963.5662008748488,3.240871027800627,2.1873542619174744,1.481639752748428,956.45968270238,-956.45968270238,8.215665237335203,5.544981647593635,13.171927673919706
0.07177316136654524,0.07370606050294348,0.07370606050294348,0.07417742123008952,4908.987559586095,4784.751229267772,2.8086560152927804,1.9268622948440182,1.4576319349900115,4328.7144038041115,-4328.7144038041115,6.568915762983918,4.506566853606245,0.749979882513881
0.10387230554082076,0.10424329415986364,0.10424329415986364,0.1158074229945942,4088.465261401154,4060.8241510606886,1.7371640507574413,1.2093405884816368,1.4364555918349706,2157.987889667109,-2157.987889667109,6.098075254465953,4.245223652668644,31.166462140559187
0.0848314606741573,0.08499095840867993,0.08499095840867993,0.0831858407079646,48.49734513274336,48.422992299229925,1.6481344479777873,1.1546536263638432,1.4273842911384433,23.93250972220121,-23.93250972220121,10.071853850683897,7.056161338759625,2.304964539007092
0.07364696997210163,0.06711451374815482,0.06711451374815482,0.06734503890210972,19840.050495678228,22174.2077745277,4.907500737198093,3.440356864421511,1.4264510719655474,29108.208520312313,-29108.208520312313,4.207987674980355,2.9499698641482666,6.828468373116453
0.05942577342532829,0.061016949152542375,0.061016949152542375,0.06200644073545336,158.17843031614152,175.75382755842062,3.4452934710427057,2.4706179035401674,1.3945068017623925,154.17265133504594,-154.17265133504594,6.476484036657679,4.644282859339682,0.9482418016594232
0.12834489593657086,0.09724770642201835,0.12834489593657086,0.13358302122347065,89.2334581772784,89.2334581772784,1.5552886455172243,1.115560390050022,1.3941770068113346,39.2384728936002,-39.2384728936002,5.736081307231041,4.114313519163689,1.0507880910683012
0.08662031243127831,0.0953899605890894,0.0953899605890894,0.09884716494223766,12939.48927959868,11990.235579124626,1.2837261819653345,0.9214425793630777,1.3931700256924044,4687.76479204629,-4687.76479204629,8.35276610403791,5.995510921135839,17.202530374535595
0.092188919164396,0.10609577852291291,0.092188919164396,0.09221295086774546,1175.622910612887,1175.622910612887,1.2166012334312208,0.8759000143527078,1.3889727291879221,400.53615882244026,-400.53615882244026,11.551592813225714,8.31664479113242,1.6309373686422868
0.08209272649936197,0.0874074074074074,0.0874074074074074,0.08840579710144927,63.74057971014493,58.85714285714286,1.41532188069538,1.037952945480429,1.3635703688285032,24.053714695201094,-24.053714695201094,10.535110700553197,7.726121761947882,9.038737446197992
0.042973980607241564,0.04705700670667137,0.04705700670667137,0.048202433034275856,6782.082327922613,6540.859760852613,4.644259182260931,3.4575567227531105,1.3432199540497771,8048.313779130291,-8048.313779130291,5.904065656777154,4.39545707981521,2.0173784914082646
0.031639501438159155,0.03896103896103896,0.03896103896103896,0.04197530864197531,18.34320987654321,15.761947700631199,1.4617792325882366,1.0899537318276458,1.3411387932376817,6.820473197902295,-6.820473197902295,21.20715735343164,15.812798392204307,0.9433962264150944
0.046680625692819305,0.04837545126353791,0.04837545126353791,0.04983164983164983,233.7104377104377,228.46655231560894,3.715156055223298,2.8223102765395294,1.316352807168494,208.66737774410012,-208.66737774410012,6.828345948901842,5.187322055087781,2.3090586145648313
0.058797287651677375,0.06345331153268977,0.06345331153268977,0.06335943521631796,5164.934439963807,4913.895130397907,3.1371481638357843,2.4152781722587977,1.2988765434425653,3728.4111806723595,-3728.4111806723595,6.516521593831175,5.017044635019484,0.45268907149535015
0.0430239704978488,0.04274995637759553,0.04274995637759553,0.04513993379476377,353.5811014143846,381.3296114336757,2.059802907419717,1.6057812771483198,1.282741888159069,160.53346809731522,-160.53346809731522,12.376405192276582,9.648398720368146,15.881599544613634
0.022795463011096875,0.02289300694534798,0.02289300694534798,0.023038833545429054,7619.610379646206,7590.7807075008195,16.986151972720762,13.557967426021728,1.252853871010144,26121.43055537068,-26121.43055537068,3.18368374693716,2.541145316788012,0.6491433436203043
0.09992741350108879,0.10764430577223089,0.10764430577223089,0.1091867469879518,164.54442771084337,155.37532073711216,1.4283303912392822,1.158746459285265,1.232651353360166,44.35853380341271,-44.35853380341271,7.3164870456665625,5.935568906586657,17.77777777777778
0.014209591474245114,0.021774193548387097,0.021774193548387097,0.02212729840761138,59.56668731328983,NaN,6.430438193402746,5.239294809626599,1.22734803576763,70.95246548668774,-70.95246548668774,8.606562434203607,7.012324282427954,3.1645569620253164
0.08967391304347826,0.09327846364883402,0.09327846364883402,0.09164420485175202,69.00808625336927,68.97198755002225,0.8269662081314902,0.6844966663265604,1.2081376708078229,9.831550429352596,-9.831550429352596,14.77692610822798,12.231160790100493,1.2893982808022924
0.03333333333333333,NA,NA,NA,NA,NA,NA,NA,1.1981043381147223,75.51032374854401,-75.51032374854401,NA,NA,NA
0.059651301153706864,0.06028647882889973,0.06028647882889973,0.06478102189781022,471.4762773722628,447.46410243635097,1.9184972079260627,1.6218366588880366,1.1829164160350292,139.86841130366008,-139.86841130366008,9.33228262664775,7.889215586278072,0.6025784753363229
0.0021321961620469083,NA,NA,NA,NA,NA,NA,NA,1.1808043695033732,1.1025655576297995,-1.1025655576297995,NA,NA,NA
0.04786324786324787,0.0557570262919311,0.0557570262919311,0.05540540540540541,136.35270270270271,117.04570722668315,1.0308303839016184,0.8844495542860228,1.1655050069348076,19.959421741950294,-19.959421741950294,20.332166044230018,17.444940968295036,1.0195758564437194
0.03138413623749726,0.035396480126557245,0.035396480126557245,0.0370138017565872,1146.9836888331242,1036.7463453009777,2.13794809935778,1.860251369071815,1.1492791430786709,318.5136200802931,-318.5136200802931,13.981959937359454,12.165851979097784,5.14195689337311
0.05867665418227216,0.06280788177339902,0.06280788177339902,0.06354916067146282,220.13429256594722,205.39073953790478,3.0875216368360126,2.7418610580139027,1.1260678683231649,76.09174698694108,-76.09174698694108,5.5436115493800315,4.922981736114236,1.3448894202032278
0.07559299490135225,0.08361429534726905,0.08361429534726905,0.08544303797468354,141.6645569620253,126.26466916354558,1.95492206718572,1.7440191574087835,1.1209292391548555,29.87746727555168,-29.87746727555168,6.338394977390429,5.654589742140526,2.1711366538952745
0.049662022347910055,0.0539713951605649,0.0539713951605649,0.05374549925353473,657.9524018617722,607.3731975671427,8.353316307514005,7.491184907265056,1.1150861193417936,567.2414255142494,-567.2414255142494,2.4658930599295994,2.211392480954881,1.012012506170808
0.08235294117647059,0.081661222585161,0.081661222585161,0.081661222585161,177.28651423238452,181.95484747810326,0.4283484038812288,0.3842659756794673,1.1147185308920833,7.815220034789661,-7.815220034789661,31.794413568157474,28.52236926815341,0.6001846722068329
0.0382630673640608,0.03379310344827586,0.03379310344827586,0.03640796424217797,437.8421779764323,484.6286812614021,12.933130804321996,11.649869368360536,1.1101524313608722,561.8659820345301,-561.8659820345301,2.2488610817212833,2.0257227910265745,0.2876819806468486
0.07360527114309245,0.07421686746987952,0.07421686746987952,0.0756693068010735,1149.795116842312,1156.6547365837696,0.9903222035885356,0.9107114332697313,1.0874160215964102,91.53607496061613,-91.53607496061613,13.58473047641547,12.492670888251254,4.04920913884007
0.06121112929623568,0.052845528455284556,0.052845528455284556,0.05651438240270728,236.0605752961083,267.0150651465798,2.231535229829674,2.053561314623433,1.0866659855436929,42.01262481128617,-42.01262481128617,7.766651977534815,7.147230226083607,35.59096945551129
0.017587939698492462,0.026825633383010434,0.026825633383010434,0.02643171806167401,17.60352422907489,11.655,3.559789643697752,3.3783387309511115,1.0537101004953273,3.19417553892324,-3.19417553892324,11.030647970215199,10.468389707026553,0.3048780487804878
0.15661103979460844,0.15139442231075698,0.15139442231075698,0.15358361774744028,33.48122866894198,34.62639821029082,0.8032334623648434,0.7656901500907229,1.0490319906422618,1.256996223239323,-1.256996223239323,7.645424853479143,7.288075980217046,1.0204081632653061
0.03804961037938783,0.03521114947249133,0.03521114947249133,0.03756068447635421,65371.92988660354,72269.31178056182,7.8673635226279455,7.550768989787443,1.0419287801373214,20696.39560333133,-20696.39560333133,3.3774469788237975,3.24153343607484,1.732072248454835
0.10178673674628926,0.10407071411956269,0.10407071411956269,0.10466645503605279,2394.663824769852,2349.531241267535,3.1265678256281766,3.031486624091793,1.031364545956019,227.68751373482974,-227.68751373482974,3.0936477873820363,2.999567708151527,2.137323002938819
0.081742911032256,0.08243287878072948,0.08243287878072948,0.08318859127891032,1854.6064539720267,1832.9040875143326,1.690330923475672,1.6618482805635095,1.0171391355307744,52.8240933710772,-52.8240933710772,7.00826656624508,6.890174924385296,0.7314814814814815
0.0546095126247798,0.032667876588021776,0.0546095126247798,0.057065217391304345,73.38586956521739,73.38586956521739,2.5148913692195833,2.474047292597645,1.0165090120727054,2.997378079489323,-2.997378079489323,6.840709597033362,6.729610378057409,3.140096618357488
0.020161428034744598,0.020805548146172314,0.020805548146172314,0.021086386162666407,662.1757846662132,642.0856008693146,5.091735858011583,5.0483696843889865,1.008590134307457,28.71603004651388,-28.71603004651388,9.164475528719688,9.08642194384781,0.5353179266222745
0.027922483850802246,0.03249475890985325,0.03249475890985325,0.03708098487095817,133.89943636902996,113.18883792048929,1.5843634842412675,1.574178413985336,1.0064700863418308,1.363775166648196,-1.363775166648196,14.95386677231649,14.857735937953805,13.261421319796954
0.07594190566096272,0.07780940944722534,0.07780940944722534,0.07867824468150253,6383.716738723071,6251.659085010787,1.211005530206354,1.2098634847042273,1.0009439457563314,7.290494988310456,-7.290494988310456,9.4803785387906,9.47143801506992,1.6347769082640227
0.058712121212121215,0.06918238993710692,0.058712121212121215,0.05865921787709497,18.594972067039105,18.594972067039105,1.7151106258940165,1.7139015750560136,1.0007054377308473,0.022482266560295727,-0.022482266560295727,9.664275642236882,9.65746290352048,2.272727272727273
0.07772795216741404,0.07252747252747253,0.07252747252747253,0.07252747252747253,30.751648351648353,33.242603550295854,1.8334914068601833,1.8496960907948223,0.9912392722159693,-0.4983207420076283,0.4983207420076283,7.4541319822728695,7.520012767057496,0
0.014987185913683185,0.014384079240546563,0.014384079240546563,0.014778776728247537,4903.731127423087,5209.008311217695,9.332305017274829,9.535024443988616,0.9787394958550324,-994.0815629097633,994.0815629097633,6.9263349077903005,7.076791053312316,0.9445556049602292
0.03833282628536659,0.04127579737335835,0.04127579737335835,0.04221635883905013,41.16094986807388,37.456011730205276,3.512472394156895,3.639332896434681,0.9651418251949233,-5.221698774494627,5.221698774494627,6.428640139345783,6.660824317760172,5.088265835929388
0.04311152764761012,0.0463768115942029,0.0463768115942029,0.049132947976878616,20.488439306358384,18.41398344066237,2.791818310057836,2.945327452829532,0.9478804495492608,-3.145162754649,3.145162754649,6.893675996721896,7.2727272727272725,0.2403846153846154
0.05693392530686864,0.05618892508143322,0.05618892508143322,0.0571658615136876,63.11111111111111,63.517027863777095,1.6738826747833933,1.7682339562868348,0.9466409514600814,-5.954614210439416,5.954614210439416,9.767444347031722,10.31800317952292,9.26605504587156
0.023346303501945526,0.027093596059113302,0.027093596059113302,0.027093596059113302,11.24384236453202,9.621329211746524,1.0380288469985437,1.0990779807808473,0.9444542290448482,-0.6864268367394484,0.6864268367394484,33.581867305601556,35.55690288936902,0.9638554216867471
0.043752640473172795,0.043168255444470276,0.043168255444470276,0.04348819497334349,617.6628332063976,626.1336484078407,11.662488396770188,12.43576005653539,0.9378187053907635,-477.6211642087883,477.6211642087883,1.820310585831336,1.9410047756222373,0.5364039479330568
0.05268030737894639,0.051551350917982845,0.051551350917982845,0.053268765133171914,779.3753026634382,829.1179164281625,1.8527063540458828,1.9823246363271982,0.9346129892622084,-101.02128798371518,101.02128798371518,9.06551966097621,9.699757830385613,46.387262601742115
0.056306557926488664,0.056966618287373004,0.056966618287373004,0.05656350053361793,191.24119530416223,188.83538377789876,1.9583714049464582,2.106221011393738,0.929803375026895,-28.274935462227802,28.274935462227802,8.254794368934126,8.878000005856457,0.81203007518797
0.03771504190560212,0.05009511731135067,0.03771504190560212,0.038465580662112454,104.04939569101418,104.04939569101418,1.7321580481970513,1.865605985062189,0.9284693885345306,-13.885177187030195,13.885177187030195,12.698646541369383,13.6769684581767,1.460446247464503
0.08424802618910072,0.08753846153846154,0.08753846153846154,0.08813355391788238,566.6987516919837,543.7065980346281,0.9929266979705508,1.070463154704336,0.927567374558351,-43.93981324165554,43.93981324165554,10.281388370838318,11.084249675915634,0.7054673721340388
0.019067224622030237,0.01557698421108403,0.01557698421108403,0.015680909282256367,120.72732056409177,148.9662653834546,13.422558836335027,14.529896333807502,0.9237890297334075,-133.68588902999863,133.68588902999863,4.363353310158295,4.723322284328812,0.30049647243271493
0.11411411411411411,0.1119496855345912,0.1119496855345912,0.11570247933884298,104.82644628099173,104.24563671622496,0.7416517251891822,0.8033660448194322,0.9231803235545993,-6.4692928114883586,6.4692928114883586,10.188328819049062,11.036119985551768,NA
0.17661097852028643,0.16901408450704225,0.16901408450704225,0.16666666666666666,21.666666666666664,22.79620853080569,0.7177530952875038,0.7804572611237538,0.9196571433700745,-1.3585902597854176,1.3585902597854176,7.628663926162227,8.295117350154062,0
0.08446866485013624,0.10223214285714285,0.08446866485013624,0.08614433543878511,218.46203467275905,218.46203467275905,1.3615094437104376,1.5095633742288492,0.9019226797324466,-32.34416290235146,32.34416290235146,7.150171791092409,7.927699293706077,0.551314673452078
0.06715679343984166,0.07006369426751592,0.07006369426751592,0.07066666666666667,150.096,143.83547985043623,1.7224604259000726,1.9128366147987956,0.9004744119670942,-28.574704448942725,28.574704448942725,7.269013143978806,8.072426098260342,0.9103977000479155
0.02631578947368421,NA,NA,NA,NA,0.7894736842105263,NA,NA,0.8991337544438579,-0.14520915824048464,0.14520915824048464,20.838819006669304,23.176550656313374,0
0,0,0,0,0,0,Inf,Inf,0.8907452070493606,-0.4156730921157399,0.4156730921157399,1.8398678316217063,2.0655377284783416,0
0.04784470974209423,0.0519041769041769,0.0519041769041769,0.055012927319735706,343.2806664751508,313.62680570988977,0.9779701858161793,1.1326368140108034,0.8634455226235046,-53.0940632081149,53.0940632081149,15.056107260591522,17.43724052774614,0.9736932012299283
0.08222458754656732,0.09448160535117058,0.08222458754656732,0.08355799635208223,91.49600600553005,91.37749269655785,1.2750520238908192,1.4912344751899158,0.8550312141411801,-19.77983086235234,19.77983086235234,8.003400800516479,9.360360964781083,0.27472527472527475
0.07350815610158994,0.07382133995037221,0.07382133995037221,0.07501847608278502,NA,NA,NA,NA,0.8487274428518219,-22.265522955765093,22.265522955765093,11.142203765700293,13.128129483195696,1.1585365853658536
0.04624350370856249,0.05149617258176757,0.05149617258176757,0.051276190476190475,654.8995047619047,597.0077380230443,1.147513050531916,1.3552117087773634,0.8467408030049948,-136.0217484246557,136.0217484246557,14.140407284594744,16.69980616785197,2.4223107569721116
0.027286580888951254,0.025052566542765747,0.025052566542765747,0.02531174390470873,2598.9086171598733,2823.989450210964,6.597732360220179,7.848893410927104,0.8405939557078098,-3251.65323613703,3251.65323613703,4.940545616989622,5.877446040912236,2.5818614804524707
0.09622334150953996,0.08692444826950267,0.08692444826950267,0.0883597585058963,1511.3053094848501,1647.6839038223777,5.871438638415471,7.003835045465316,0.8383176645796329,-1711.3967024159992,1711.3967024159992,1.4867358975966034,1.7734755694813067,0.590963970261168
0.02941176470588235,0,0.02941176470588235,0.02941176470588235,0.41176470588235287,0.41176470588235287,3.216825000000001,3.8734867088171576,0.830472708910448,-0.2703901153952999,0.2703901153952999,8.777621444422756,10.569427929713305,0
0.11993769470404984,0.12371134020618557,0.12371134020618557,0.12307692307692308,26.70769230769231,27.04255319148936,1.0634883629106597,1.2953094142760166,0.8210303663276253,-6.191405310311687,6.191405310311687,5.954665005553189,7.2526732868453125,20.87378640776699
0,NaN,NA,NA,NA,0,NA,NA,0.7971993896059969,-0.3406519605470699,0.3406519605470699,2.976654091001201,3.73388907444142,0
0.07555147661345833,0.08599368758731309,0.07555147661345833,0.07591559909570461,3100.924476262246,3100.924476262246,0.8429938121424202,1.0594720042257673,0.7956735135804336,-671.282524408251,671.282524408251,11.426814117407197,14.361184483806593,2.559867877786953
0.03644859813084112,0.03910614525139665,0.03910614525139665,0.03910614525139665,12.8268156424581,11.943977591036415,1.8749074400879553,2.3630256428202974,0.7934350800570376,-6.261002198175742,6.261002198175742,10.821477392394602,13.638768519809688,0.9146341463414633
0.1024354721255765,0.08942330142423535,0.1024354721255765,0.10146059517300632,595.0663906896821,595.0663906896821,0.577749505224141,0.736012437736427,0.7849724754665608,-94.17695203005076,94.17695203005076,12.948190245528767,16.495088235842672,NA
0.16669474748325683,0.1696629213483146,0.1696629213483146,0.1724142885493614,NA,NA,NA,NA,0.7847830952759096,-867.2691153524224,867.2691153524224,4.536267865087863,5.780282338386797,0.42669584245076586
0.07884877384196186,0.07602012297372834,0.07602012297372834,0.07713347921225383,128.04157549234137,132.7665995975855,0.706214983056448,0.9027720299575196,0.7822738849027914,-25.16747395933524,25.16747395933524,14.006116820143975,17.90436455882,NA
0.049999999999999996,0,0.049999999999999996,0.049999999999999996,0.19999999999999998,0.19999999999999998,1.8900000000000001,2.4286356020342,0.7782147302859909,-0.10772712040684002,0.10772712040684002,8.235076510962866,10.582010582010582,0
0.07480425492092212,0.07481321274085725,0.07481321274085725,0.0753807595912859,783.8845189897821,775.7057788563629,1.8332789109926337,2.35872139717177,0.777234188484842,-411.88623053532774,411.88623053532774,5.524711912971227,7.108168933923539,0.5677924620655899
0.057981822419016546,0.058964056900857854,0.058964056900857854,0.05937016004130098,641.1383582860093,641.8424962852897,7.702237369488971,9.914486646200421,0.7768669871012172,-1418.35786939019,1418.35786939019,1.6453874105212558,2.1179782869404904,0.5927908977913758
0.13085308876968332,0.12011111111111111,0.13085308876968332,0.13570225149333742,1070.962168785419,1070.962168785419,5.554426330518539,7.195567643646088,0.7719233013427748,-1757.6002599904305,1757.6002599904305,0.985442759101776,1.2766070895742883,4.371872530945483
0.02101018675721562,0.020740268028079132,0.020740268028079132,0.020485345099275135,68.76930349826662,70.27593099095307,3.522556243066379,4.6273321338822475,0.7612499256912034,-75.97466853308435,75.97466853308435,10.54935829177868,13.85794327953467,0.3872505212987787
0.17236753856472167,0.14132762312633834,0.17236753856472167,0.17053291536050158,88.33605015673982,88.33605015673982,0.44989587621445226,0.5942116591769767,0.7571306777076513,-12.748286242186737,12.748286242186737,9.67797658294108,12.782438841657937,1.968503937007874
0.010055593239522527,0.010063402494500304,0.010063402494500304,0.010157803972587278,8168.530116007703,8169.03005564245,4.65021609800614,6.307601876037622,0.7372399509982016,-13538.40564169301,13538.40564169301,15.49649761703485,21.01961185914171,1.2101112295366332
0.059233449477351915,0.05128205128205128,0.05128205128205128,0.05,6.800000000000001,8,2.479496309334544,3.388188509868529,0.7318058904080149,-6.179106963631099,6.179106963631099,5.902859283581022,8.066154373654893,0
0.06197718631178708,0.05767012687427912,0.05767012687427912,0.05549626467449306,54.830309498399146,62.20612029546255,1.1806578785832087,1.6254303110078756,0.7263663477833889,-24.38701012620031,24.38701012620031,10.412593751466149,14.335181941236225,1.8318965517241377
0.06578947368421052,0.09302325581395349,0.06578947368421052,0.06578947368421052,2.6973684210526314,2.6973684210526314,0.7451639685555179,1.0323546000838517,0.7218100917020109,-0.7746589403066899,0.7746589403066899,14.723623063979566,20.39819508378113,0
NaN,NA,NA,NA,NA,NaN,NA,NA,0.7170916574074423,-139.65533271117857,139.65533271117857,7.041545637827378,9.819589399889589,2.330264672036824
0.06963479293868959,0.07518107637297149,0.07518107637297149,0.07684626405591977,3360.9482047497067,3119.789095900833,3.540995356890306,5.052677637086838,0.7008156093116392,-5080.6858457784765,5080.6858457784765,2.4680558025349137,3.521690684029009,0.6012597824012216
0.04795963982374353,0.04948738170347003,0.04948738170347003,0.049733231707317076,259.3588033536586,251.70775946876537,3.0680103877394895,4.401702284018137,0.6970054287585361,-345.9047342613019,345.9047342613019,4.46470711918937,6.405555731670034,12.458308809103395
0.042735042735042736,NA,NA,NA,NA,NA,NA,NA,0.6964120055735761,-3.2940665988935294,3.2940665988935294,NA,NA,NA
0.08499999999999999,0.075,0.075,0.0975609756097561,6.2439024390243905,6.095238095238096,7.1497303759790585,10.350472289828092,0.690763684571712,-19.98512024256958,19.98512024256958,0.9748196475938373,1.4112201746654445,0
0.03770661157024793,0.03648548026805659,0.03648548026805659,0.036135693215339236,45.3141592920354,47.52676056338027,1.0602863270521752,1.5380851383603014,0.6893547701673454,-21.651051445161592,21.651051445161592,17.992157064372144,26.099996464816556,2.9505582137161084
NaN,NA,NA,NA,NA,NaN,NA,NA,0.681583449827405,-0.17670024920423005,0.17670024920423005,7.208061145506803,10.575463866283835,NA
0.05836945775344133,0.05645259196309336,0.05645259196309336,0.05744730136668983,548.67917535325455,562.9626357711804,1.2071386733659064,1.7746932801392572,0.6801956635972523,-311.4053936123428,311.4053936123428,9.30230413010185,13.675923896524276,1.2033561492603224
0.07260155574762316,0.06987951807228916,0.06987951807228916,0.06944444444444445,35.833333333333336,36.88778054862843,0.8511164610002979,1.2607397941344278,0.6750928819413047,-14.67816943730632,14.67816943730632,10.97915726109013,16.263180304195096,0
0.06784660766961652,0.04424778761061947,0.06784660766961652,0.06764705882352942,5.411764705882353,5.411764705882353,0.5307480168813832,0.7891084766821044,0.672591959869666,-1.3981860177450791,1.3981860177450791,18.733303636284987,27.85240495577007,1.25
0.05280906025322899,0.057794838984858175,0.057794838984858175,0.05897905226764287,247.18120805369128,225.2899547511312,1.2861231530412782,1.9135473455978058,0.6721146231370011,-155.08746987823434,155.08746987823434,8.511754871537159,12.664141767679048,NA
0.07873024751782967,0.08499787505312367,0.08499787505312367,0.08506224066390042,226.0103734439834,209.1781648607873,2.1551167649651815,3.2121117078504438,0.6709345629848574,-238.89182176990005,238.89182176990005,3.5387109589132715,5.274301182473347,1.1677695601401323
0.024539877300613498,0.006872852233676976,0.024539877300613498,0.02924528301886793,10.44056603773585,10.44056603773585,2.045272706321286,3.1126260640785577,0.657089115176691,-11.143773217263895,11.143773217263895,9.846887674765602,14.985619830451425,NA
0.03166444322373067,0.02939042089985486,0.02939042089985486,0.02949286656276226,243.46361347560244,266.5634616115184,3.547578046200849,5.422076564137932,0.6542840190905506,-456.37218263162345,456.37218263162345,6.19887447010666,9.47428683757712,1.1365025051936941
0.11068211068211069,0.108,0.108,0.10980392156862745,29.75686274509804,29.508135168961203,1.277312735024943,1.9742590501798358,0.6469833504922224,-20.73893584076599,20.73893584076599,4.544854477697024,7.024685371330369,2.9962546816479403
0.05158264947245018,0.037162162162162164,0.05158264947245018,0.04304635761589404,12.784768211920529,15.721518987341772,0.8090729857461798,1.283454343004791,0.6303870411564454,-6.064855696607609,6.064855696607609,17.79547434948653,28.229441894682225,NA
0.1284834410339257,0.10210815765352887,0.1284834410339257,0.13261951723490187,605.6733352117968,605.6733352117968,3.2088144571633808,5.1000966921521735,0.6291673767873807,-1145.4992190924836,1145.4992190924836,1.3810327796454929,2.195016510069618,6.000937646507267
0.040581642431565354,0.04355128974205159,0.04355128974205159,0.04336043360433604,444.44444444444446,411.2011718750001,9.440924476843115,15.089872629427425,0.6256463993229441,-2510.6436233708046,2510.6436233708046,1.4399226907738625,2.301496008499536,0.20710365537951742
0.07677122175915771,0.0897736143637783,0.07677122175915771,0.07576733204550333,125.62223653144451,125.62223653144451,0.895730474686112,1.4378538207617992,0.6229635180936118,-68.10274720993814,68.10274720993814,9.129340359017197,14.654695008392684,0.3032140691328078
0.048297823944195926,0.05285457049041415,0.05285457049041415,0.0515737580583997,541.8339021615473,499.1505775577558,1.4876794498392802,2.391531159889373,0.6220614954931623,-489.7374990318291,489.7374990318291,7.409250034852486,11.91079995873805,1.249869805228622
0.03909465020576131,0.034722222222222224,0.034722222222222224,0.038834951456310676,12.11650485436893,13.565217391304348,1.598508319968919,2.6714711619003335,0.5983625587153374,-13.000559482819469,13.000559482819469,9.113688171309356,15.231046860412041,0.3389830508474576
0.022047183526534005,0.022258427119693086,0.022258427119693086,0.02286104012860996,6550.693882612412,6424.301157207149,2.1417282887071227,3.5821263339950953,0.5978930079549939,-9435.606663794799,9435.606663794799,11.790629862726055,19.7203006321385,1.3691302336340505
NaN,NA,NA,NA,NA,NaN,NA,NA,0.5840206918378249,-14.741971472070482,14.741971472070482,14.983410668823664,25.65561610783538,3.0131826741996233
0.05369718309859154,0.037267080745341616,0.05369718309859154,0.05369718309859154,15.03521126760563,15.03521126760563,1.205080147643407,2.104838798396064,0.5725284751315426,-13.528061403921988,13.528061403921988,8.847685073965405,15.45370310521688,5.357142857142857
0.02969573959558405,0.03135822577593511,0.03135822577593511,0.031866751700145746,4396.337064552107,4115.848855473117,6.680621577825126,11.83265584832012,0.5645918941159412,-22650.07922121982,22650.07922121982,2.6134198836526528,4.628865399750101,0.43912880376017827
0.05045907867658699,0.0632752787871194,0.05045907867658699,0.05612501572129293,558.1071563325369,558.1071563325369,2.9816585187051152,5.342730955691142,0.5580776092662904,-1317.731423701404,1317.731423701404,3.224209264570608,5.777349262962735,3.328479301019347
0.0637801755669349,0.057737036530305104,0.057737036530305104,0.05803571428571429,404.4508928571429,445.2854044283778,8.244403030078656,14.817729726655635,0.5563877316001916,-2658.5878514722526,2658.5878514722526,1.1499998964180886,2.0669037635151417,0.6384213580963436
0.05049475517051004,0.05322440896150514,0.05322440896150514,0.05328618461163273,420.58785513961715,399.3956097167299,1.2243038502157348,2.201096473685264,0.5562245293891642,-410.8271144212489,410.8271144212489,8.41367820976769,15.126406271595826,1.0142508666067531
0.046405987869402504,0.0437774081354907,0.0437774081354907,0.043439584877687176,590.7349147516679,629.8310882397457,6.5159676868769045,11.843575098012007,0.5501689846987703,-3147.203709847249,3147.203709847249,1.9009740249056617,3.455254799480358,0.5864661654135338
0.19494584837545129,0.20833333333333334,0.19494584837545129,0.19810722040027517,16.641006513623115,16.113676731793962,0.7045855652086302,1.2913731623516567,0.5456095772700927,-9.76473622617036,9.76473622617036,3.629637519336554,6.652444661065355,1.282051282051282
0.02892485751182142,0.026780577609020827,0.026780577609020827,0.02712898751733703,925.6953120665742,1002.4623020023198,6.5600716058735395,12.476682486744163,0.5257865312228054,-5476.978955744021,5476.978955744021,2.874470228413616,5.466990989154001,1.3584746528509895
0.06390301376658812,0.06675913083680074,0.06675913083680074,0.06813663473703235,723.9517440809688,699.548259798831,5.755219054587098,10.946123669141137,0.5257769077478975,-3757.964449064346,3757.964449064346,1.3102461275490556,2.4920191591550456,0.43340075122796884
NaN,NA,NA,NA,NA,NaN,NA,NA,0.5219686681272663,-86.51498911111136,86.51498911111136,2.420132343672299,4.6365471558959985,NA
0.033517350157728706,0.03015075376884422,0.03015075376884422,0.02977667493796526,25.81637717121588,28.9,1.6883569165405299,3.323957266672226,0.507935806957839,-42.22527554037262,42.22527554037262,9.905312842445124,19.501111571107074,1.411764705882353
0.0466005054552179,0.046805204894154205,0.046805204894154205,0.048873546511627904,304.5799418604651,319.54657445429,0.8359273018459735,1.6839229701364118,0.49641659189330756,-258.28247134582796,258.28247134582796,11.491761682141691,23.14943108229461,11.45232439769257
0.12129032258064516,0.16330645161290322,0.12129032258064516,0.11809045226130653,57.391959798994975,57.391959798994975,0.5908624942473828,1.203157221615931,0.49109333645839726,-35.140794378272304,35.140794378272304,7.009256037377194,14.272757370168431,NA
0.09565217391304347,0.1,0.1,0.09803921568627451,6.078431372549019,5.879310344827585,0.9075780190707206,1.8758596261192626,0.4838197946337265,-5.88563329774604,5.88563329774604,5.437507081007729,11.238703214125763,4.838709677419355
0.09059233449477351,0.11235955056179775,0.09059233449477351,0.09059233449477351,9.33101045296167,9.33101045296167,1.353968225269061,2.8389283494467663,0.4769293404438736,-13.85617844093343,13.85617844093343,3.8882494306743074,8.152673993710579,0
NaN,NA,NA,NA,NA,NaN,NA,NA,0.47117274780590296,-643.1627051054478,643.1627051054478,3.6950986935267527,7.842343834047313,2.1361815754339117
NaN,NA,NA,NA,NA,NaN,NA,NA,0.46910364726341885,-2.0241865172565197,2.0241865172565197,1.8359348002144185,3.9137082197603843,0
0.06986557357284948,0.08093490438477884,0.06986557357284948,0.07109780889993222,498.7511294330246,498.7511294330246,4.205789865065927,9.044681479794166,0.4650014347615965,-2413.402658049701,2413.402658049701,1.329625366739718,2.8594005681324597,0.5001667222407469
0.08378391085617565,0.08728063363876379,0.08728063363876379,0.08804646896973403,446.65973708346075,425.91622746185857,4.537652408131099,9.847938703063319,0.46077179651002576,-2371.8910803323306,2371.8910803323306,1.1303396897029967,2.4531442641767724,1.1464199517296862
0.11611374407582939,0.12751677852348994,0.11611374407582939,0.11963882618510158,24.765237020316025,24.765237020316025,0.3810548946862455,0.8556551249204734,0.44533700972300216,-11.75358719164721,11.75358719164721,8.399989778394547,18.862096782882038,0
0.03728813559322034,0.03614457831325301,0.03614457831325301,0.034482758620689655,3.7241379310344827,4.207792207792208,3.8398148148148152,8.726201492693612,0.4400327929660878,-18.197577972790004,18.197577972790004,3.2002384942988207,7.2727272727272725,0.9615384615384616
0.03527435610302351,0.02459016393442623,0.03527435610302351,0.03508771929824561,28.807017543859647,28.807017543859647,1.071581497506102,2.494328144988513,0.4296072670546869,-40.98508763449332,40.98508763449332,10.883156360213286,25.332803224736683,3.324808184143223
0.05791720809355856,0.05841557748732996,0.05841557748732996,0.06268882175226587,256.52265861027195,243.82107183184223,5.180127585824907,12.115112976551126,0.42757567311597305,-1778.9808898524852,1778.9808898524852,1.2822571370184865,2.998901054575888,0.5771643663739021
0.09464860879351158,0.08994030958081813,0.08994030958081813,0.08879935032483759,2506.361662918541,2634.8286660917715,3.1892195462851207,7.610906242580156,0.41903282534774083,-11082.346021030811,11082.346021030811,1.4148903142085785,3.3765619985365345,1.7339755464987032
0.0625,0.07692307692307693,0.0625,0.07317073170731707,4.609756097560975,4.2,0.2861266063954579,0.7433321119970979,0.3849243181849447,-2.107605867285609,2.107605867285609,18.385680432866895,47.764403453546215,NA
0.23170731707317074,0.20454545454545456,0.23170731707317074,0.23170731707317074,12.048780487804878,12.048780487804878,0.9495957415548417,2.5668801765855407,0.3699415929955843,-19.48630514402842,19.48630514402842,1.6813365551893684,4.54487029040132,1.9230769230769231
0.016363242306025143,0.018584070796460177,0.018584070796460177,0.018651362984218076,55.80487804878049,48.665624022521115,0.37004119257385726,1.081647143512091,0.34210897222206815,-39.7110833108946,39.7110833108946,48.17665370144562,140.82253788472238,0.1375515818431912
0.02434077079107505,0.013651877133105802,0.02434077079107505,0.028810408921933085,9.161710037174721,9.161710037174721,1.3072668360069921,3.8330764429594972,0.34104898648920723,-23.140735228009106,23.140735228009106,8.144079607115437,23.87950098005397,2.097902097902098
0.060010214504596524,0.06459627329192547,0.06459627329192547,0.0682964687621265,182.41986806363988,164.31927051671732,3.6464767398136404,10.77416418243507,0.338446368374303,-1300.231802881864,1300.231802881864,1.3294857390863302,3.928202112117192,0.30616150019135097
0.16176470588235292,0.21739130434782608,0.16176470588235292,0.17391304347826086,3.3043478260869565,3.3043478260869565,0.543375,1.6925415854547579,0.3210408563485926,-3.7972461084591997,3.7972461084591997,3.3972577391385457,10.582010582010582,NA
0.0546448087431694,NA,NA,NA,NA,NA,NA,NA,0.3160985852892207,-138.6712010730312,138.6712010730312,NA,NA,NA
0.008350730688935281,0.008174386920980926,0.008174386920980926,0.008174386920980926,6.114441416893732,6.246346555323591,0.9337391103181205,3.124435980984561,0.29885045365016055,-13.394887677862375,13.394887677862375,39.15373337071355,131.01446858283032,1.3368983957219251
0.05328017397607829,0.046462955211385513,0.046462955211385513,0.04746182418489476,99.38505984316963,114.88035485000583,6.600724621532445,22.310741822989307,0.29585410803019396,-1561.3409997040146,1561.3409997040146,0.929035065198942,3.1401797033831538,1.5533980582524272
0.055350553505535055,0.056353591160221,0.056353591160221,0.061306532663316586,178.95376884422112,169.49653579676672,0.8519606581347967,2.917078948134137,0.2920595133977226,-369.56070110451515,369.56070110451515,5.566812293400217,19.06054087619946,0.5505849965588437
0,0,0,0,0,0,Inf,Inf,0.28559962505649306,-2.372220663108304,2.372220663108304,0,0,NaN
0.09663865546218486,0.09526493799323563,0.09526493799323563,0.09501557632398754,551.8504672897196,560.5734801340353,3.445689823666928,12.21071103531551,0.2821858459922105,-4836.981051452574,4836.981051452574,0.8301567309869262,2.94187941307957,0.9653199856989632
0.032975460122699383,0.036226835725233386,0.036226835725233386,0.03696263559662515,301.4302932904781,282.7762731338996,0.7831682032160218,2.9801665790266036,0.2627934319939337,-662.2418647792878,662.2418647792878,8.749739230785199,33.295121435862896,2.6717557251908395
0,NA,NA,NA,NA,NA,NA,NA,0.2381983436448871,-5.716261288698489,5.716261288698489,1.8657690141032546,7.83283790119379,0
0.08861485517636937,0.07800205268559698,0.08861485517636937,0.09008164165931157,507.7902140335393,507.7902140335393,1.4116948236387472,7.1796668159174075,0.1966240021763967,-2928.9197324986408,2928.9197324986408,1.5179257808349256,7.719941431530589,1.698590531261294
0.07415254237288135,0.0711743772241993,0.0711743772241993,0.07092198581560284,20.141843971631207,20.729927007299267,0.4236439155084954,2.543800461882167,0.16653975885948216,-42.70386235249097,42.70386235249097,5.503853165822976,33.04828350608367,1.773049645390071
0.02724769771195291,0.033887861983980284,0.033887861983980284,0.03977983487615712,298.38854140605457,243.2800737607116,0.1958432007867389,2.3573243205142176,0.08307859851207,-644.9611985922079,644.9611985922079,7.756626565191617,93.3649183317013,21.46260997067449
0.10526315789473684,0.07692307692307693,0.10526315789473684,0.10526315789473684,0.8421052631578947,0.8421052631578947,0.0030125285575261958,1.9048425143396064,0.0015815105631294749,-1.601541040658594,1.601541040658594,4.987288937791045,3153.4970768214507,0
0,NaN,NA,NA,NA,0,NA,NA,0,-0.18118148615441998,0.18118148615441998,0,NaN,NaN
NaN,NA,NA,NA,NA,NA,NA,NA,0,-1.1225769232004899,1.1225769232004899,NA,NA,NA
